<?xml version="1.0" encoding="UTF-8"?>
<!DOCTYPE mapper PUBLIC "-//mybatis.org//DTD Mapper 3.0//EN" "http://mybatis.org/dtd/mybatis-3-mapper.dtd">

<mapper namespace="com.lost.dao.CommentRecordMapper">

    <select id="findById" resultType="com.lost.model.CommentRecord">
        select `id`,`user_id`,`user_name`,`content`,`create_time`,`is_del` from comment_record
        where id = #{value}
                    and is_del = 0
    </select>

    <select id="findByMap" resultType="com.lost.model.CommentRecord">
        select `id`,`user_id`,`user_name`,`content`,`create_time`,`is_del` from comment_record
        <where>
            <if test="id != null and id != ''">and id = #{id}</if>
            <if test="userId != null and userId != ''">and user_id = #{userId}</if>
            <if test="userName != null and userName != ''">and user_name = #{userName}</if>
            <if test="content != null and content != ''">and content = #{content}</if>
            <if test="createTime != null and createTime != ''">and create_time = #{createTime}</if>
            <if test="isDel != null and isDel != ''">and is_del = #{isDel}</if>
            and is_del = 0
        </where>
        order by id desc limit 1
    </select>

    <select id="list" resultType="com.lost.model.CommentRecord">
        select `id`,`user_id`,`user_name`,`content`,`create_time`,`is_del` from comment_record
        <where>
            <if test="id != null and id != ''">and id = #{id}</if>
            <if test="userId != null and userId != ''">and user_id = #{userId}</if>
            <if test="userName != null and userName != ''">and user_name = #{userName}</if>
            <if test="content != null and content != ''">and content = #{content}</if>
            <if test="createTime != null and createTime != ''">and create_time = #{createTime}</if>
            <if test="isDel != null and isDel != ''">and is_del = #{isDel}</if>
            and is_del = 0
        </where>
        <choose>
            <when test="sortColumn != null and sortColumn.trim() != ''">
                order by ${sortColumn} ${orderBy}
            </when>
            <otherwise>
                order by create_time desc
            </otherwise>
        </choose>
        <if test="offset != null and limit != null">
            limit #{offset}, #{limit}
        </if>
    </select>

    <insert id="save" parameterType="com.lost.model.CommentRecord" useGeneratedKeys="true" keyProperty="id">
        insert into comment_record
        (
        <if test="userId != null">`user_id`,</if>
        <if test="userName != null">`user_name`,</if>
        <if test="content != null">`content`,</if>
        <if test="createTime != null">`create_time`,</if>
        `is_del`
        )
        values
        (
        <if test="userId != null">#{userId},</if>
        <if test="userName != null">#{userName},</if>
        <if test="content != null">#{content},</if>
        <if test="createTime != null">#{createTime},</if>
        0
        )
    </insert>

    <update id="update" parameterType="com.lost.model.CommentRecord">
        update comment_record
        <set>
            <if test="userId != null">`user_id` = #{userId},</if>
            <if test="userName != null">`user_name` = #{userName},</if>
            <if test="content != null">`content` = #{content},</if>
            <if test="createTime != null">`create_time` = #{createTime},</if>
            <if test="isDel != null">`is_del` = #{isDel}</if>
        </set>
        where id = #{id} and is_del = 0
    </update>

    <delete id="delete">
        update comment_record
        <set>
            is_del = 1
        </set>
        where id = #{value}
    </delete>


</mapper>