<?xml version="1.0" encoding="UTF-8"?>
<!DOCTYPE mapper PUBLIC "-//mybatis.org//DTD Mapper 3.0//EN" "http://mybatis.org/dtd/mybatis-3-mapper.dtd">

<mapper namespace="com.lost.dao.LostMapper">

    <select id="findById" resultType="com.lost.model.Lost">
        select `id`,`lost_no`,`lost_name`,`address`,`status`,`create_time`,`is_del` from lost
        where id = #{value}
                    and is_del = 0
    </select>

    <select id="findByMap" resultType="com.lost.model.Lost">
        select `id`,`lost_no`,`lost_name`,`address`,`status`,`create_time`,`is_del` from lost
        <where>
            <if test="id != null and id != ''"> and id = #{id} </if>
            <if test="lostNo != null and lostNo != ''"> and lost_no = #{lostNo} </if>
            <if test="lostName != null and lostName != ''"> and lost_name = #{lostName} </if>
            <if test="address != null and address != ''"> and address = #{address} </if>
            <if test="status != null and status != ''"> and status = #{status} </if>
            <if test="createTime != null and createTime != ''"> and create_time = #{createTime} </if>
            <if test="isDel != null and isDel != ''"> and is_del = #{isDel} </if>
            and is_del = 0
        </where>
        order by id desc limit 1
    </select>

    <select id="list" resultType="com.lost.model.Lost">
        select `id`,`lost_no`,`lost_name`,`address`,`status`,`create_time`,`is_del` from lost
        <where>
            <if test="id != null and id != ''">and id = #{id}</if>
            <if test="lostNo != null and lostNo != ''">and lost_no = #{lostNo}</if>
            <if test="lostName != null and lostName != ''"> and lost_name like  '%${lostName}%' </if>
            <if test="address != null and address != ''">and address = #{address}</if>
            <if test="status != null and status != ''">and status = #{status}</if>
            <if test="createTime != null and createTime != ''">and create_time = #{createTime}</if>
            <if test="isDel != null and isDel != ''">and is_del = #{isDel}</if>
            and is_del = 0
        </where>
        <choose>
            <when test="sortColumn != null and sortColumn.trim() != ''">
                order by ${sortColumn} ${orderBy}
            </when>
            <otherwise>
                order by id desc
            </otherwise>
        </choose>
        <if test="offset != null and limit != null">
            limit #{offset}, #{limit}
        </if>
    </select>

    <insert id="save" parameterType="com.lost.model.Lost" useGeneratedKeys="true" keyProperty="id">
        insert into lost
        (
            <if test="lostNo != null">`lost_no`,</if>
            <if test="lostName != null">`lost_name`,</if>
            <if test="address != null">`address`,</if>
            <if test="status != null">`status`,</if>
            <if test="createTime != null">`create_time`,</if>
            `is_del`
        )
        values
        (
            <if test="lostNo != null">#{lostNo},</if>
            <if test="lostName != null">#{lostName},</if>
            <if test="address != null">#{address},</if>
            <if test="status != null">#{status},</if>
            <if test="createTime != null">#{createTime},</if>
            0
        )
    </insert>

    <update id="update" parameterType="com.lost.model.Lost">
        update lost
        <set>
            <if test="lostNo != null">`lost_no` = #{lostNo},</if>
            <if test="lostName != null">`lost_name` = #{lostName},</if>
            <if test="address != null">`address` = #{address},</if>
            <if test="status != null">`status` = #{status},</if>
            <if test="createTime != null">`create_time` = #{createTime},</if>
            <if test="isDel != null">`is_del` = #{isDel}</if>
        </set>
        where id = #{id} and is_del = 0
    </update>

    <delete id="delete">
        update lost
        <set>
            is_del = 1
        </set>
        where id = #{value}
    </delete>


</mapper>